{"title":"Mass Account Takeovers-Credentials Stuffing /Sensitive Information Leaks lead to ATO","product":"https://lokalise.com/","description":"Description:-\nA mass data leak via public resourced vulnerability refers to a situation where a significant amount of sensitive or private information is exposed or leaked due to a vulnerability in databases, APIs(Application Programming Interfaces),cloud storage and other online platforms that are accessible to the general public. it can have severe consequences, including the exposures of personal information,financial data,intellectual property, and more. it can lead to privacy breaches , identity theft, financial loss, reputational damage for individuals and organizations and legal repercussions. While conducting our reconnaissance, we came across multiple sets of user's working credentials and confidentials documents for the domains``https://lokalise.com/\" These findings were sourced from publicly accessible platforms such as https://breachforums.st. This acquired data provides us with the means to illicitly enter user accounts,exfiltrate user information and execute delicate actions on their behalf without proper authorization.\n\nObservation:-\nThis vulnerability has the potential for extended exploitation, allowing malicious actors to execute sensitive actions on the victim's behalf and discovered additional vulnerabilities that could harm the system.\n\nSTEP TO REPRODUCE :-\nGo to this Telegram bot \"https://t.me/Breach_Forums_Bot\".\nInput the domain \"https://lokalise.com/\" into the telegram bot and then press the submit button.\nNote that credentials for the users such as email address and password and discovered.\nLaunch your web site on this telegram bot and navigate to the address \"https://lokalise.com/\"\nProvide the credentials and click the sign-in button.\nObserve that by using valid credentials, you are able to gain control of the victim's account.\n\nAll Credentials are uploaded on my google drive here is the link:\nhttps://drive.google.com/drive/folders/18WDRpMh3qVD4HYDmeRSfQiPxdDLsx6pq?usp=sharing","technical_environment":"Firefox","end_point":"https://lokalise.com/","cert":"CERT 53","vulnerable_part":"others","part_name":"https://lokalise.com/","application_finger_print":"","payload_sample":"https://lokalise.com/","name_hunter":"suraj Kumar ","email_hunter":"suzushah3509@gmail.com","pgp_hunter":"","cvss":{"AV":"L","AC":"H","PR":"N","S":"U","A":"H","I":"N","C":"H","UI":"R","SCORE":6.3},"impact":"Account Takeover","bug_type":"improper-access-control-generic-cwe-284","cve":"CVE-2025-12122"}